Size,Ver1½@HashSet min,Ver1½@HashSet mean,Ver1½@HashSet max,Ver2-GP@HashSet min,Ver2-GP@HashSet mean,Ver2-GP@HashSet max,Ver2½-GP@HashSet min,Ver2½-GP@HashSet mean,Ver2½-GP@HashSet max,Ver2½-GPX@HashSet min,Ver2½-GPX@HashSet mean,Ver2½-GPX@HashSet max,Ver3½-GP@HashSet min,Ver3½-GP@HashSet mean,Ver3½-GP@HashSet max,Ver3½-GPX@HashSet min,Ver3½-GPX@HashSet mean,Ver3½-GPX@HashSet max,Ver3½=GP1@HashSet min,Ver3½=GP1@HashSet mean,Ver3½=GP1@HashSet max,Ver3½=GP4@HashSet min,Ver3½=GP4@HashSet mean,Ver3½=GP4@HashSet max,Ver3½=GP5@HashSet min,Ver3½=GP5@HashSet mean,Ver3½=GP5@HashSet max,Ver3½=GP6@HashSet min,Ver3½=GP6@HashSet mean,Ver3½=GP6@HashSet max,Ver3½=GP8@HashSet min,Ver3½=GP8@HashSet mean,Ver3½=GP8@HashSet max,Ver3½=GP16@HashSet min,Ver3½=GP16@HashSet mean,Ver3½=GP16@HashSet max,Ver3½=GP64@HashSet min,Ver3½=GP64@HashSet mean,Ver3½=GP64@HashSet max,Ver3½=GP256@HashSet min,Ver3½=GP256@HashSet mean,Ver3½=GP256@HashSet max,Ver1½@SortedSet min,Ver1½@SortedSet mean,Ver1½@SortedSet max,Ver2-GP@SortedSet min,Ver2-GP@SortedSet mean,Ver2-GP@SortedSet max,Ver2½-GP@SortedSet min,Ver2½-GP@SortedSet mean,Ver2½-GP@SortedSet max,Ver2½-GPX@SortedSet min,Ver2½-GPX@SortedSet mean,Ver2½-GPX@SortedSet max,Ver3½-GP@SortedSet min,Ver3½-GP@SortedSet mean,Ver3½-GP@SortedSet max,Ver3½-GPX@SortedSet min,Ver3½-GPX@SortedSet mean,Ver3½-GPX@SortedSet max,Ver3½=GP1@SortedSet min,Ver3½=GP1@SortedSet mean,Ver3½=GP1@SortedSet max,Ver3½=GP4@SortedSet min,Ver3½=GP4@SortedSet mean,Ver3½=GP4@SortedSet max,Ver3½=GP5@SortedSet min,Ver3½=GP5@SortedSet mean,Ver3½=GP5@SortedSet max,Ver3½=GP6@SortedSet min,Ver3½=GP6@SortedSet mean,Ver3½=GP6@SortedSet max,Ver3½=GP8@SortedSet min,Ver3½=GP8@SortedSet mean,Ver3½=GP8@SortedSet max,Ver3½=GP16@SortedSet min,Ver3½=GP16@SortedSet mean,Ver3½=GP16@SortedSet max,Ver3½=GP64@SortedSet min,Ver3½=GP64@SortedSet mean,Ver3½=GP64@SortedSet max,Ver3½=GP256@SortedSet min,Ver3½=GP256@SortedSet mean,Ver3½=GP256@SortedSet max
2000,0.009,0.0098,0.011,0.005,0.005200000000000001,0.006,0.005,0.005200000000000001,0.006,0.006,0.006,0.006,0.005,0.005,0.005,0.006,0.006,0.006,0.006,0.006,0.006,0.001,0.0012000000000000001,0.002,0.001,0.001,0.001,0.001,0.001,0.001,0.001,0.001,0.001,0.001,0.001,0.001,0.001,0.001,0.001,0.001,0.001,0.001,0.022,0.022799999999999997,0.023,0.02,0.0206,0.021,0.02,0.0204,0.021,0.023,0.023,0.023,0.02,0.020200000000000003,0.021,0.025,0.0252,0.026,0.021,0.0212,0.022,0.006,0.0064,0.007,0.005,0.0054,0.006,0.005,0.005,0.005,0.004,0.0048000000000000004,0.005,0.005,0.005600000000000001,0.006,0.005,0.005200000000000001,0.006,0.004,0.0048000000000000004,0.005
2050,0.01,0.010400000000000001,0.011,0.006,0.006,0.006,0.006,0.006,0.006,0.007,0.007,0.007,0.006,0.006,0.006,0.007,0.007,0.007,0.006,0.006,0.006,0.001,0.0016,0.002,0.001,0.001,0.001,0.001,0.001,0.001,0.001,0.001,0.001,0.001,0.001,0.001,0.001,0.001,0.001,0.001,0.0012000000000000001,0.002,0.026,0.0264,0.028,0.023,0.023799999999999998,0.024,0.022,0.023,0.024,0.025,0.0256,0.026,0.022,0.0226,0.023,0.028,0.028,0.028,0.023,0.0232,0.024,0.007,0.007,0.007,0.006,0.006,0.006,0.005,0.005200000000000001,0.006,0.005,0.005,0.005,0.005,0.0054,0.006,0.005,0.0054,0.006,0.005,0.0056,0.006
2100,0.012,0.012199999999999999,0.013,0.007,0.007,0.007,0.007,0.007,0.007,0.007,0.007200000000000001,0.008,0.006,0.0064,0.007,0.008,0.008,0.008,0.007,0.007,0.007,0.002,0.002,0.002,0.001,0.0014,0.002,0.001,0.0014,0.002,0.001,0.0014,0.002,0.001,0.0016,0.002,0.001,0.0014,0.002,0.001,0.0014,0.002,0.03,0.030199999999999998,0.031,0.027,0.027,0.027,0.026,0.026,0.026,0.029,0.029200000000000004,0.03,0.026,0.026,0.026,0.032,0.0324,0.033,0.027,0.027,0.027,0.008,0.008400000000000001,0.009,0.006,0.0068000000000000005,0.007,0.006,0.006,0.006,0.005,0.005800000000000001,0.006,0.005,0.0058,0.006,0.006,0.006,0.006,0.006,0.006,0.006
2150,0.014,0.014599999999999998,0.017,0.008,0.008,0.008,0.007,0.0073999999999999995,0.008,0.008,0.008,0.008,0.007,0.007,0.007,0.009,0.009,0.009,0.007,0.0078,0.008,0.002,0.002,0.002,0.001,0.0018000000000000002,0.002,0.001,0.0016,0.002,0.001,0.0016,0.002,0.001,0.0014,0.002,0.001,0.0014,0.002,0.001,0.0016,0.002,0.036,0.0368,0.037,0.03,0.0308,0.031,0.029,0.03,0.031,0.033,0.0334,0.034,0.029,0.029199999999999997,0.03,0.036,0.036,0.036,0.03,0.0306,0.032,0.009,0.009600000000000001,0.01,0.008,0.008,0.008,0.007,0.007,0.007,0.007,0.0073999999999999995,0.009,0.007,0.0073999999999999995,0.008,0.007,0.0072,0.008,0.007,0.0073999999999999995,0.008
2200,0.017,0.0172,0.018,0.009,0.009,0.009,0.009,0.009,0.009,0.009,0.009,0.009,0.008,0.008400000000000001,0.009,0.01,0.01,0.01,0.009,0.009,0.009,0.002,0.0022,0.003,0.002,0.002,0.002,0.002,0.002,0.002,0.002,0.002,0.002,0.001,0.0018000000000000002,0.002,0.002,0.002,0.002,0.002,0.002,0.002,0.044,0.044199999999999996,0.045,0.035,0.035,0.035,0.034,0.0344,0.035,0.037,0.0378,0.039,0.033,0.033800000000000004,0.034,0.041,0.041,0.041,0.035,0.0352,0.036,0.011,0.011399999999999999,0.012,0.009,0.0092,0.01,0.008,0.0086,0.009,0.008,0.0082,0.009,0.008,0.008400000000000001,0.009,0.008,0.008400000000000001,0.009,0.008,0.008400000000000001,0.009
2250,0.021,0.021400000000000002,0.023,0.01,0.01,0.01,0.01,0.01,0.01,0.01,0.010400000000000001,0.011,0.01,0.01,0.01,0.011,0.011399999999999999,0.012,0.01,0.01,0.01,0.003,0.003,0.003,0.002,0.0022,0.003,0.002,0.002,0.002,0.002,0.002,0.002,0.002,0.002,0.002,0.002,0.002,0.002,0.002,0.0021999999999999997,0.003,0.054,0.0546,0.056,0.039,0.0396,0.04,0.038,0.039,0.04,0.042,0.04259999999999999,0.043,0.039,0.039400000000000004,0.04,0.047,0.047,0.047,0.04,0.040400000000000005,0.041,0.013,0.0134,0.014,0.011,0.011,0.011,0.01,0.01,0.01,0.01,0.01,0.01,0.009,0.0098,0.01,0.01,0.010199999999999999,0.011,0.009,0.0098,0.01
2300,0.024,0.0246,0.027,0.011,0.011,0.011,0.011,0.011,0.011,0.012,0.012,0.012,0.011,0.011,0.011,0.013,0.013,0.013,0.012,0.012,0.012,0.003,0.0032,0.004,0.003,0.003,0.003,0.002,0.0024000000000000002,0.003,0.003,0.003,0.003,0.003,0.003,0.003,0.003,0.003,0.003,0.003,0.003,0.003,0.063,0.06420000000000001,0.065,0.045,0.045799999999999993,0.047,0.044,0.04479999999999999,0.046,0.047,0.0484,0.049,0.045,0.0452,0.046,0.053,0.054000000000000006,0.055,0.046,0.046599999999999996,0.047,0.015,0.0156,0.016,0.012,0.0128,0.013,0.011,0.0116,0.013,0.011,0.0118,0.014,0.011,0.011399999999999999,0.012,0.011,0.0116,0.012,0.011,0.011,0.011
2350,0.029,0.03,0.032,0.013,0.013,0.013,0.013,0.013,0.013,0.014,0.014,0.014,0.013,0.013,0.013,0.015,0.015,0.015,0.013,0.013600000000000001,0.014,0.004,0.004,0.004,0.003,0.004,0.005,0.003,0.0032,0.004,0.003,0.003,0.003,0.003,0.0032,0.004,0.003,0.003,0.003,0.003,0.003,0.003,0.076,0.07680000000000001,0.078,0.052,0.0534,0.055,0.051,0.0526,0.054,0.056,0.056400000000000006,0.057,0.051,0.0518,0.052,0.061,0.0618,0.062,0.052,0.0534,0.054,0.017,0.0178,0.018,0.014,0.015,0.016,0.013,0.013599999999999998,0.015,0.013,0.0134,0.014,0.013,0.0134,0.014,0.013,0.013,0.013,0.013,0.0134,0.014
2400,0.035,0.0364,0.038,0.015,0.015,0.015,0.015,0.0152,0.016,0.015,0.0158,0.016,0.015,0.015,0.015,0.017,0.017,0.017,0.015,0.0158,0.016,0.005,0.005,0.005,0.004,0.004,0.004,0.004,0.004,0.004,0.003,0.0036,0.004,0.003,0.0038,0.004,0.004,0.004,0.004,0.003,0.0038,0.004,0.089,0.09059999999999999,0.092,0.06,0.060399999999999995,0.061,0.06,0.06,0.06,0.063,0.0636,0.065,0.059,0.0596,0.06,0.069,0.0694,0.07,0.061,0.0618,0.062,0.018,0.019,0.02,0.016,0.0162,0.017,0.014,0.014599999999999998,0.015,0.014,0.0144,0.015,0.014,0.0144,0.015,0.014,0.0152,0.018,0.014,0.014599999999999998,0.016
2450,0.042,0.0434,0.046,0.018,0.018,0.018,0.017,0.0176,0.018,0.018,0.018,0.018,0.017,0.017400000000000002,0.018,0.019,0.019,0.019,0.018,0.0186,0.02,0.005,0.005600000000000001,0.006,0.005,0.005,0.005,0.004,0.004,0.004,0.004,0.004200000000000001,0.005,0.004,0.0044,0.005,0.004,0.004200000000000001,0.005,0.004,0.0044,0.005,0.106,0.10999999999999999,0.125,0.07,0.0708,0.072,0.069,0.06960000000000001,0.07,0.073,0.07339999999999999,0.074,0.068,0.06820000000000001,0.069,0.079,0.0796,0.08,0.071,0.0712,0.072,0.022,0.022399999999999996,0.023,0.018,0.0184,0.019,0.016,0.0162,0.017,0.016,0.0164,0.018,0.016,0.0166,0.017,0.016,0.0162,0.017,0.016,0.0162,0.017
2500,0.05,0.0506,0.053,0.02,0.02,0.02,0.02,0.02,0.02,0.02,0.02,0.02,0.02,0.02,0.02,0.021,0.021399999999999995,0.022,0.02,0.020399999999999998,0.022,0.006,0.0064,0.007,0.005,0.005,0.005,0.005,0.005,0.005,0.005,0.005,0.005,0.004,0.0044,0.005,0.005,0.005200000000000001,0.006,0.005,0.005,0.005,0.126,0.1268,0.128,0.079,0.07980000000000001,0.08,0.079,0.0794,0.081,0.083,0.08380000000000001,0.086,0.078,0.0786,0.079,0.091,0.0914,0.092,0.081,0.08120000000000001,0.082,0.025,0.0258,0.027,0.021,0.021,0.021,0.018,0.0194,0.022,0.019,0.0194,0.021,0.019,0.019200000000000002,0.02,0.018,0.019,0.02,0.019,0.0196,0.021
2550,0.061,0.0634,0.071,0.023,0.023,0.023,0.023,0.0232,0.024,0.022,0.022799999999999997,0.023,0.022,0.022399999999999996,0.023,0.024,0.0246,0.025,0.023,0.023,0.023,0.007,0.0076,0.008,0.006,0.006,0.006,0.005,0.0054,0.006,0.005,0.0054,0.006,0.005,0.0054,0.006,0.006,0.006,0.006,0.005,0.0056,0.006,0.153,0.15940000000000001,0.174,0.092,0.09319999999999999,0.096,0.091,0.09219999999999999,0.094,0.094,0.09559999999999999,0.097,0.09,0.091,0.093,0.103,0.1042,0.107,0.093,0.09459999999999999,0.097,0.029,0.029599999999999998,0.03,0.024,0.0246,0.025,0.022,0.0226,0.025,0.021,0.022200000000000004,0.024,0.021,0.022000000000000002,0.023,0.021,0.022399999999999996,0.024,0.021,0.022600000000000002,0.024
2600,0.073,0.0752,0.081,0.026,0.0268,0.027,0.027,0.027,0.027,0.026,0.0264,0.027,0.026,0.026,0.026,0.028,0.028,0.028,0.027,0.027200000000000002,0.028,0.008,0.0086,0.009,0.007,0.007,0.007,0.006,0.006,0.006,0.006,0.0066,0.007,0.006,0.0064,0.007,0.006,0.0066,0.007,0.006,0.0068000000000000005,0.008,0.182,0.18419999999999997,0.189,0.106,0.1068,0.107,0.106,0.1066,0.107,0.109,0.1096,0.11,0.105,0.1058,0.106,0.119,0.1192,0.12,0.109,0.1092,0.11,0.034,0.034800000000000005,0.035,0.029,0.029200000000000004,0.03,0.025,0.026000000000000002,0.027,0.026,0.027200000000000002,0.03,0.025,0.0258,0.027,0.026,0.026600000000000002,0.027,0.025,0.0268,0.028
2650,0.089,0.0934,0.107,0.031,0.031,0.031,0.031,0.031,0.031,0.03,0.0306,0.031,0.03,0.030199999999999998,0.031,0.032,0.0322,0.033,0.031,0.0316,0.032,0.009,0.0098,0.01,0.008,0.008,0.008,0.007,0.007200000000000001,0.008,0.007,0.0078,0.008,0.007,0.0076,0.008,0.008,0.0082,0.009,0.008,0.008,0.008,0.223,0.22640000000000002,0.231,0.124,0.1242,0.125,0.123,0.1232,0.124,0.125,0.126,0.127,0.121,0.12179999999999999,0.122,0.136,0.137,0.138,0.126,0.1262,0.127,0.04,0.04,0.04,0.033,0.033800000000000004,0.034,0.03,0.031,0.035,0.03,0.0306,0.031,0.03,0.0308,0.031,0.03,0.0308,0.032,0.03,0.0308,0.032
2700,0.107,0.10800000000000001,0.112,0.036,0.036199999999999996,0.037,0.036,0.036,0.036,0.035,0.035,0.035,0.035,0.0352,0.036,0.037,0.0372,0.038,0.036,0.036199999999999996,0.037,0.011,0.0116,0.012,0.009,0.0098,0.01,0.008,0.008799999999999999,0.009,0.009,0.009,0.009,0.009,0.0092,0.01,0.009,0.0092,0.01,0.009,0.0092,0.01,0.266,0.27440000000000003,0.303,0.143,0.1446,0.148,0.143,0.14379999999999998,0.145,0.146,0.1466,0.147,0.142,0.1442,0.149,0.159,0.16,0.162,0.147,0.1494,0.157,0.046,0.046799999999999994,0.047,0.039,0.0402,0.041,0.034,0.035800000000000005,0.04,0.036,0.0366,0.038,0.035,0.037000000000000005,0.038,0.035,0.0374,0.039,0.035,0.0368,0.039
2750,0.135,0.1366,0.141,0.043,0.043399999999999994,0.044,0.043,0.043199999999999995,0.044,0.041,0.0422,0.044,0.042,0.042,0.042,0.044,0.044,0.044,0.043,0.043199999999999995,0.044,0.013,0.013800000000000002,0.014,0.011,0.011199999999999998,0.012,0.01,0.01,0.01,0.01,0.0102,0.011,0.01,0.010400000000000001,0.011,0.01,0.010400000000000001,0.011,0.01,0.0102,0.011,0.336,0.35120000000000007,0.367,0.171,0.1734,0.175,0.171,0.17299999999999996,0.174,0.173,0.17559999999999998,0.177,0.166,0.168,0.17,0.183,0.18639999999999998,0.19,0.172,0.1742,0.176,0.049,0.053200000000000004,0.058,0.042,0.0454,0.049,0.036,0.0396,0.042,0.036,0.0388,0.042,0.036,0.0396,0.044,0.036,0.039,0.044,0.036,0.0388,0.041
2800,0.168,0.17300000000000001,0.189,0.05,0.05,0.05,0.05,0.05,0.05,0.047,0.047,0.047,0.049,0.0492,0.05,0.051,0.0512,0.052,0.05,0.0504,0.051,0.016,0.0162,0.017,0.013,0.013599999999999998,0.015,0.012,0.012199999999999999,0.013,0.012,0.0124,0.013,0.012,0.0126,0.013,0.012,0.0124,0.013,0.012,0.0126,0.013,0.418,0.42919999999999997,0.44,0.199,0.2012,0.204,0.2,0.2024,0.205,0.197,0.199,0.201,0.196,0.19720000000000004,0.199,0.214,0.2162,0.219,0.202,0.2042,0.208,0.059,0.0628,0.065,0.049,0.053200000000000004,0.056,0.043,0.0464,0.049,0.045,0.0472,0.049,0.045,0.047799999999999995,0.051,0.046,0.0482,0.05,0.045,0.049,0.054
2850,0.223,0.2254,0.234,0.058,0.0586,0.059,0.058,0.0588,0.059,0.056,0.05620000000000001,0.057,0.058,0.0586,0.059,0.059,0.0596,0.06,0.059,0.0602,0.062,0.018,0.019,0.02,0.016,0.016,0.016,0.014,0.014799999999999999,0.016,0.015,0.0154,0.017,0.015,0.0152,0.016,0.015,0.0154,0.016,0.014,0.015,0.016,0.56,0.5718,0.584,0.233,0.2352,0.239,0.234,0.23520000000000002,0.239,0.232,0.23360000000000003,0.236,0.23,0.23280000000000003,0.237,0.248,0.2508,0.256,0.241,0.24180000000000001,0.244,0.07,0.075,0.077,0.059,0.0636,0.065,0.052,0.05720000000000001,0.061,0.053,0.056400000000000006,0.058,0.05,0.0558,0.058,0.051,0.0548,0.058,0.051,0.0556,0.06
2900,0.291,0.29359999999999997,0.301,0.069,0.07020000000000001,0.072,0.069,0.07020000000000001,0.071,0.065,0.0654,0.066,0.069,0.069,0.069,0.069,0.06920000000000001,0.07,0.07,0.0704,0.071,0.022,0.0226,0.023,0.018,0.0188,0.019,0.016,0.017,0.018,0.017,0.017800000000000003,0.02,0.017,0.0172,0.018,0.016,0.017,0.018,0.016,0.0172,0.018,0.729,0.745,0.753,0.275,0.279,0.281,0.276,0.2792,0.281,0.27,0.274,0.278,0.275,0.2784000000000001,0.281,0.291,0.2944,0.297,0.277,0.28200000000000003,0.29,0.081,0.08380000000000001,0.089,0.068,0.0698,0.076,0.06,0.0626,0.068,0.06,0.0628,0.067,0.06,0.0624,0.065,0.06,0.063,0.066,0.06,0.0632,0.065
2950,0.373,0.3806,0.392,0.083,0.08360000000000001,0.084,0.083,0.08320000000000001,0.084,0.077,0.0774,0.078,0.082,0.08220000000000001,0.083,0.082,0.082,0.082,0.084,0.08519999999999998,0.087,0.026,0.0268,0.028,0.022,0.022799999999999997,0.024,0.02,0.0206,0.023,0.02,0.0204,0.021,0.019,0.020200000000000003,0.021,0.019,0.0206,0.023,0.019,0.020599999999999997,0.023,0.942,0.9643999999999998,0.973,0.332,0.3386,0.341,0.335,0.33780000000000004,0.34,0.324,0.32880000000000004,0.33,0.33,0.3368,0.34,0.35,0.3536,0.356,0.335,0.3394,0.346,0.098,0.101,0.109,0.082,0.08480000000000001,0.092,0.072,0.073,0.074,0.073,0.075,0.077,0.072,0.07680000000000001,0.08,0.074,0.07780000000000001,0.08,0.073,0.076,0.08
3000,0.473,0.4782,0.486,0.1,0.1004,0.101,0.099,0.0998,0.102,0.091,0.092,0.093,0.098,0.0988,0.1,0.096,0.0964,0.097,0.101,0.1014,0.102,0.032,0.0322,0.033,0.027,0.027,0.027,0.024,0.0242,0.025,0.025,0.025,0.025,0.025,0.0252,0.026,0.025,0.0254,0.027,0.025,0.0262,0.028,1.224,1.2322,1.237,0.397,0.40520000000000006,0.413,0.396,0.4006,0.405,0.381,0.38580000000000003,0.39,0.398,0.4046,0.41,0.419,0.42160000000000003,0.425,0.402,0.40599999999999997,0.411,0.119,0.1238,0.131,0.1,0.1026,0.111,0.088,0.08879999999999999,0.09,0.087,0.0904,0.093,0.087,0.092,0.096,0.089,0.09519999999999999,0.104,0.087,0.094,0.101
